id;short_cut_name;member_since;avatar;avatar_content_type;image_type;inactiv
1;Practical HDD applications;2021-08-17;../fake-data/blob/hipster.png;image/png;Omani;true
2;killer open-source Officer;2021-08-16;../fake-data/blob/hipster.png;image/png;defect neutral;true
3;CSS benchmark Causeway;2021-08-17;../fake-data/blob/hipster.png;image/png;open-source Engineer Open-architected;true
4;pixel;2021-08-17;../fake-data/blob/hipster.png;image/png;solutions;true
5;Programmable reintermediate Dynamic;2021-08-17;../fake-data/blob/hipster.png;image/png;Ecuador Argentine empowering;false
6;mobile Tasty;2021-08-17;../fake-data/blob/hipster.png;image/png;Generic IB;false
7;Buckinghamshire Shilling;2021-08-17;../fake-data/blob/hipster.png;image/png;Som;false
8;cross-platform Plain Carolina;2021-08-17;../fake-data/blob/hipster.png;image/png;asynchronous Ergonomic Parkways;true
9;Regional Universal Salad;2021-08-16;../fake-data/blob/hipster.png;image/png;programming bypass;true
10;reinvent;2021-08-17;../fake-data/blob/hipster.png;image/png;Shirt Tools;true
