id;remote_id;default_person;name;surname;gender;email;phone;department;salutation;show_title;show_department;wants_newsletter
1;62606;true;Loan Florida;Virginia microchip;FEMALE;Sam.Hoppe@yahoo.com;1-462-628-5712 x1041;monetize;cutting-edge solutions;true;false;true
2;72795;false;Heights Pakistan Sleek;Plastic Tasty;MALE;Vesta_Barrows@yahoo.com;423-688-5428;Rial;Creative Tuna;true;true;true
3;46128;true;Yen capacitor Personal;HTTP;FEMALE;Carrie.Jaskolski@gmail.com;1-787-877-5797;Maldives River Luxembourg;synthesizing;true;true;true
4;6470;false;Checking Cambridgeshire channels;Product back-end Fish;MALE;Mitchell19@hotmail.com;(938) 245-4003 x8210;interfaces leverage;state;false;true;true
5;6172;false;infomediaries Tunnel;infrastructures embrace;MALE;Emma.Senger@hotmail.com;721-564-9514 x016;Investment;indexing Soap;false;true;true
6;88535;true;navigating;RAM;OTHER;Jason76@yahoo.com;(557) 366-1155;override District;Gibraltar;false;false;false
7;8722;false;Tuna blue analyzing;Cotton Berkshire;FEMALE;Jo23@yahoo.com;674.587.4898 x23108;Tuna;Station Marketing;false;false;true
8;50364;false;Analyst Plastic;Account Flats Dynamic;FEMALE;Mabelle_Bartoletti77@gmail.com;(719) 747-3273 x182;Central SSL Ergonomic;Multi-layered Automotive;true;false;true
9;14519;true;Manager;copying;FEMALE;Frieda_Leuschke@gmail.com;1-617-555-1238;implement metrics;Leu Bedfordshire;true;false;true
10;15417;true;tertiary;Bacon;MALE;Nyasia93@yahoo.com;(396) 983-9980;Mauritania;index Dynamic fresh-thinking;false;true;false
