id;remote_id;number;type;gender;gender_salutation_active;name;name_addition;salutation;phone;fax;email;website;notes;communication_language;communication_channel;communication_newsletter;currency;ebill_account_id;vat_identification;vat_rate;discount_rate;discount_type;payment_grace;hourly_rate;created;main_address_id;birth_date;birth_place;place_of_origin;citizen_country_1;citizen_country_2;social_security_number;hobbies;daily_work;contact_attribute_01;avatar;avatar_content_type;image_type;inactiv
1;35443;Tasty applications Yen;PRIVATE;OTHER;true;Bacon Dynamic;target;payment;1-507-608-9835 x834;Strategist;Orville_Mann@hotmail.com;Games withdrawal;Tasty;blue;BY_POST;SEND_ADDRESS_AND_CONTACTS;XBA;Electronics open-source;Incredible magenta;88335;28277;IN_PERCENT;97150;33140;2021-08-16T22:34:12;39170;2021-08-17;deposit capacitor Ukraine;Borders robust;ubiquitous;online silver Grove;Bolivar disintermediate Point;Response;China Shoes Personal;Assistant;../fake-data/blob/hipster.png;image/png;secured;false
2;22524;navigate Identity;PRIVATE;FEMALE;true;Investor radical;Forge Dong;Technician;223-322-4606;Shirt recontextualize architecture;Vivien_Bruen64@gmail.com;COM Towels;Music Dynamic;Clothing;BY_EMAIL;SEND_TO_MAIN_CONTACT_ONLY;SAR;Sausages Gloves;USB Clothing;93255;50149;AMOUNT;86295;83246;2021-08-16T17:29:53;43796;2021-08-17;Mountain program;withdrawal input Peso;Plastic Future Configuration;index Maine;Hills Implementation;Granite analyzing Utah;Buckinghamshire Outdoors;Mills Russian;../fake-data/blob/hipster.png;image/png;Corporate;true
3;92293;Ball South Research;PRIVATE;FEMALE;true;teal indexing Stream;enterprise;program;1-958-927-3091;Borders Soft SMS;Marlene19@gmail.com;port;Officer disintermediate;needs-based;NO_PREFERENCE;SEND_TO_MAIN_CONTACT_ONLY;BBD;customized invoice Buckinghamshire;Sleek ivory Garden;28198;15681;AMOUNT;51147;62874;2021-08-17T13:03:08;58367;2021-08-17;Bedfordshire Ferry;mindshare Legacy;Ruble;channels;synthesizing Right-sized;Car SMTP 1080p;best-of-breed Plastic Unbranded;Directives Baby e-business;../fake-data/blob/hipster.png;image/png;connecting ivory;true
4;27905;Alaska Internal;PRIVATE;FEMALE;true;payment Multi-tiered;Networked Luxembourg;Designer;1-223-870-0605;Manors;Fannie.Carroll24@yahoo.com;Oval;Sausages;Manager;BY_EMAIL;SEND_TO_MAIN_CONTACT_ONLY;MXN;Ergonomic;Cambridgeshire hack;10559;3886;AMOUNT;9752;81959;2021-08-16T21:52:52;18386;2021-08-16;Infrastructure SQL Iowa;core Pants;yellow Senior;Handcrafted;Cotton;indigo mint;AGP Concrete;Mobility;../fake-data/blob/hipster.png;image/png;streamline Configuration;true
5;87461;Fantastic;COMPANY;FEMALE;false;Vietnam Jersey;Buckinghamshire;Oman Card Incredible;1-403-968-9359 x7299;Auto Car Cloned;Elva11@hotmail.com;Table concept SSL;Tennessee Card Borders;dedicated azure;BY_EMAIL;SEND_TO_MAIN_CONTACT_ONLY;TND;Cambridgeshire;Keyboard uniform Agent;60693;29819;IN_PERCENT;6950;57194;2021-08-17T02:33:39;86759;2021-08-17;cross-platform;Barthelemy;Operations North Cotton;bandwidth Account Investment;group Planner;Berkshire Oman;Shoes seamless content;Wyoming Steel;../fake-data/blob/hipster.png;image/png;Vermont Associate;false
6;23970;hack;COMPANY;MALE;false;scalable;Avon Moldovan Practical;Proactive Bedfordshire;(452) 400-2712 x3715;interface tolerance override;Henriette.Armstrong@gmail.com;port;Florida;GB;BY_EMAIL;SEND_ADDRESS_AND_CONTACTS;VUV;maximized Hat;Seamless;94222;60632;AMOUNT;91408;22029;2021-08-17T10:18:01;40980;2021-08-17;streamline Rubber Berkshire;Rustic;networks;programming paradigms;Customer Practical;Wooden magenta;Garden Jamaican Buckinghamshire;Drives motivating infomediaries;../fake-data/blob/hipster.png;image/png;deposit Representative Product;true
7;74109;Wooden feed Secured;COMPANY;OTHER;true;payment Bike synthesize;Pizza Account;copying Account;1-217-984-4737;Granite Tunnel;Phoebe_Becker21@yahoo.com;Marketing morph Rial;sexy Swiss Factors;tan auxiliary Liaison;BY_EMAIL;NO_NEWS_LETTER;HNL;Generic;Handmade open-source;35038;33990;AMOUNT;57414;6339;2021-08-17T13:56:44;2224;2021-08-17;Cape discrete;Ameliorated;bypassing;Manager Computer;Maryland;deposit;Configuration Account Avon;Bedfordshire;../fake-data/blob/hipster.png;image/png;alarm;true
8;70725;models SCSI integrated;PRIVATE;FEMALE;false;clear-thinking;Kentucky neural-net;Salad;732.350.0513;Isle Towels Montana;Jarret37@yahoo.com;Investor;Practical;Lodge overriding;BY_EMAIL;SEND_TO_MAIN_CONTACT_ONLY;USD;input Fantastic;programming Berkshire;31584;78851;AMOUNT;12331;67184;2021-08-17T01:39:23;77767;2021-08-16;Decentralized alarm cross-platform;revolutionary auxiliary;Concrete District;hybrid Helena;Avon;Kids;hacking;homogeneous payment Borders;../fake-data/blob/hipster.png;image/png;Utah withdrawal Rial;true
9;57720;back-end;COMPANY;OTHER;true;panel time-frame;hack National;Avon web-enabled;566-351-0198;Indonesia Chair;Roderick44@hotmail.com;XSS;Ergonomic Technician;Soft firewall;BY_POST;NO_NEWS_LETTER;SEK;AGP COM;Idaho copy;82033;77371;AMOUNT;84413;22346;2021-08-17T16:14:32;26541;2021-08-17;Oval holistic;Senior;olive circuit Planner;Radial Fresh;morph;optimizing;Usability generating;Granite;../fake-data/blob/hipster.png;image/png;Representative Rubber;true
10;67759;Chicken;COMPANY;OTHER;false;24 Cambridgeshire mobile;Executive Ireland;brand;827-878-5219 x04811;Trace back-end Home;Alek54@gmail.com;transmit deposit;Ergonomic;partnerships multi-byte Kyrgyz;BY_EMAIL;SEND_TO_MAIN_CONTACT_ONLY;TZS;Grass-roots International;Horizontal SMS SCSI;58306;17163;AMOUNT;69121;97042;2021-08-17T06:12:15;8649;2021-08-17;niches;Wooden Lempira;Cotton;exploit national;Data;navigating;Birr Tajikistan;Infrastructure;../fake-data/blob/hipster.png;image/png;virtual Drive;true
