id;remote_id;name;surname;email;language;company_name;company_addition;company_country;company_street;company_street_no;company_street_2;company_postcode;company_city;company_phone;company_fax;company_email;company_website;company_vat_id;company_currency
1;37198;global Washington Electronics;deposit virtual e-enable;Naomie.Legros@hotmail.com;FRENCH;driver Regional transmitter;systems Dollar withdrawal;GN;port turquoise;Mississippi Borders;Investor;Refined;ubiquitous;Avon;Salad;sensor Buckinghamshire Outdoors;Licensed e-tailers;Borders;USD
2;77348;Account;cyan;Jo.Lindgren89@hotmail.com;FRENCH;Jewelery Reunion human-resource;Centralized Metrics;VI;XSS Regional edge;multi-byte Kids markets;HDD back-end scale;Chile;Future;synthesizing National;copying cross-platform;Interactions empower;Avon;system;USD
3;43132;Accountability Ford;challenge;Riley_Connelly@gmail.com;FRENCH;JBOD Fantastic;payment Clothing;PE;Cotton Sports;Metal Sleek Executive;next-generation Handmade;Home;framework Handmade;panel;Grocery;project;Cambridgeshire Renminbi;Sports Practical;CHF
4;34724;microchip Pants Lead;generating extranet;Tony72@yahoo.com;GERMAN;Handcrafted Savings;Guinea-Bissau;TJ;hard Cambridgeshire Devolved;invoice Orchestrator;copying Bike;incentivize coherent;Keyboard e-tailers;North Hawaii;UIC-Franc scale redundant;Toys;Avon;e-services Haven Account;USD
5;53214;copy Paradigm bluetooth;withdrawal Account Baby;Bertrand65@hotmail.com;GERMAN;firmware Proactive dedicated;Wyoming Slovenia Ethiopia;BS;disintermediate Course bandwidth;compressing Belgium;Legacy Ville Small;architecture invoice Towels;Dam Norway Anguilla;Ramp Chips;Regional;database;Courts XSS;contextually-based disintermediate;CHF
6;35120;infrastructure;Intuitive Pants Incredible;Vanessa52@hotmail.com;FRENCH;intermediate Gorgeous Bike;Synergized Frozen;GU;hard payment;Implemented mobile Mouse;reboot;Cambridgeshire;Savings Incredible Identity;Chief Darussalam mesh;alarm index;invoice Agent;Research;system-worthy Licensed;EUR
7;15208;web-readiness;invoice Assimilated Small;Sydnie.Runte73@hotmail.com;ENGLISH;Kong;moratorium azure;SM;methodical Steel Loan;Ranch solid;Multi-layered Burg;eyeballs;quantify cross-platform Street;connect;regional Intranet exploit;AGP;Extended;capacitor Points Viaduct;USD
8;92088;Open-source Multi-lateral;Response Drive pixel;Kaelyn98@gmail.com;FRENCH;French Soft SMTP;Sharable index Strategist;GU;reboot Avon;optical Representative;Cotton Licensed;Manager Dirham Grocery;Land Integration;Licensed hierarchy User-friendly;Bedfordshire Books;Algeria Liaison Account;port;optimizing interfaces;CHF
9;1800;Planner Adaptive Plain;infomediaries;Ansel_Paucek@yahoo.com;GERMAN;transmit;Bedfordshire;VC;Steel Cambridgeshire Steel;calculate;hack payment bandwidth;generation harness capacitor;blue Home Sports;Rubber Niger;protocol generation;white Kentucky;Lead;Human cyan;USD
10;54708;Product Salad;Lead;Jany_Nicolas@yahoo.com;ENGLISH;Grocery firewall;Designer Metal Cross-platform;SY;solution payment;Chair;Brand;program implementation Maryland;Buckinghamshire;Research;Iowa;Loan;withdrawal Frozen Roads;IB e-markets;EUR
